year,score,votes,budget,gross,runtime
1980,8.4,927000,19000000.0,46998.772000000004,146
1980,5.8,65000,4500000.0,58853.106,104
1980,8.7,1200000,18000000.0,538375.067,124
1980,7.7,221000,3500000.0,83453.539,88
1980,7.3,108000,6000000.0,39846.344,98
1980,6.4,123000,550000.0,39754.601,95
1980,7.9,188000,27000000.0,115229.89,133
1980,8.2,330000,18000000.0,23402.427,129
1980,6.8,101000,54000000.0,108185.706,127
1980,7.0,10000,10000000.0,15795.189,100
1980,6.1,18000,15000000.0,70687.344,116
1980,7.3,54000,5000000.0,30031.783,109
1980,5.3,30000,20000000.0,49823.037000000004,114
1980,7.7,49000,6000000.0,54766.923,124
1980,7.1,37000,6500000.0,31899.0,104
1980,7.2,27000,5100000.0,9709.597,103
1980,6.6,21000,,21202.829,134
1980,6.9,29000,10000000.0,103300.686,109
1980,6.8,66000,1000000.0,21448.782,89
1980,6.8,26000,,101300.0,111
1980,6.5,20000,11000000.0,19814.523,102
1980,6.8,14000,44000000.0,3484.523,219
1980,6.7,22000,12000000.0,16647.8,103
1980,5.3,12000,20000000.0,22762.571,96
1980,6.4,14000,,46918.287000000004,132
1980,6.9,33000,,19853.892,102
1980,6.5,5100,,34326.249,96
1980,5.0,4100,36000000.0,,115
1980,7.2,17000,9000000.0,37121.708,131
1980,6.2,22000,4800000.0,22743.674,117
1980,7.1,8900,,22482.952,102
1980,5.4,16000,,14796.236,92
1980,5.3,15000,,66132.626,100
1980,6.1,604,5100000.0,534.816,97
1980,6.7,9100,,43995.918,102
1980,6.2,24000,10000000.0,69847.348,109
1980,6.3,4300,4000000.0,10000.0,91
1980,6.0,11000,3000000.0,6342.668000000001,101
1980,5.9,4000,,27118.0,115
1980,7.5,17000,,67182.787,124
1980,6.3,5700,,5000.0,84
1980,7.9,13000,,,107
1980,7.1,9000,3500000.0,7063.886,131
1980,6.6,11000,,6659.377,99
1980,4.8,2000,,8415.112000000001,101
1980,6.1,12000,,41675.194,99
1980,5.3,3900,22000000.0,15716.828,109
1980,4.6,3900,300000.0,,82
1980,5.1,3100,15000000.0,14662.035,94
1980,8.3,15000,35000000.0,,173
1980,7.3,22000,10000000.0,10389.003,89
1980,6.8,4500,7000000.0,4309.49,95
1980,4.2,3700,20000000.0,,124
1980,6.1,11000,6500000.0,24265.659,116
1980,7.0,6700,,12.516,139
1980,6.7,2900,,,91
1980,4.6,2600,20000000.0,3763.9880000000003,121
1980,5.4,2400,6000000.0,6216.067,103
1980,5.1,5200,4000000.0,18971.0,103
1980,5.3,2400,11000000.0,,97
1980,5.0,5300,,18000.0,100
1980,6.7,1900,,14287.755000000001,123
1980,5.5,875,,,91
1980,6.3,1400,,17815.212,119
1980,7.3,2800,,3910.0190000000002,103
1980,6.3,2000,,7653.061000000001,93
1980,8.1,12000,900000.0,,150
1980,5.1,2000,,10697.276,100
1980,6.6,915,,9870.727,86
1980,6.0,1500,,15934.737000000001,98
1980,4.7,1800,,14155.617,103
1980,7.3,2900,,2013.193,75
1980,5.5,965,,5215.015,97
1980,5.2,1100,,4226.37,106
1980,5.5,585,,2086.905,112
1980,5.8,1300,6000000.0,11000.0,97
1980,6.3,1400,,6321.392,103
1980,5.9,415,5500000.0,4400.0,115
1980,7.4,1300,,109.749,95
1980,6.9,1000,3000000.0,,108
1980,4.0,546,5100000.0,59.167,94
1980,4.8,643,,2128.395,96
1980,5.2,351,,2806.659,97
1980,7.9,4800,,167.451,83
1980,5.2,2100,,14504.277,94
1980,6.5,269,,804.713,105
1980,5.8,1900,,6950.125,102
1980,4.3,740,,6621.52,89
1980,6.8,599,,2261.507,96
1980,6.5,211,,1175.855,105
1980,4.3,593,,15198.912,97
1980,6.7,230,,,89
1981,8.4,905000,18000000.0,389925.971,115
1981,7.4,32000,,24058.838,113
1981,7.5,97000,10000000.0,30669.378,97
1981,7.2,131000,6000000.0,25244.626,99
1981,7.5,192000,350000.0,2956.63,85
1981,6.2,40000,2500000.0,111289.673,94
1981,7.4,47000,18000000.0,12000.0,108
1981,6.9,42000,15000000.0,41092.328,118
1981,7.4,59000,11000000.0,34971.136,140
1981,7.6,170000,3000000.0,23668.369,96
1981,8.3,237000,,11487.676,149
1981,6.9,68000,10000000.0,85297.0,106
1981,7.4,27000,,1113.538,124
1981,6.2,34000,18000000.0,72179.579,95
1981,7.4,27000,5500000.0,11492.915,123
1981,4.9,7600,,32492.674,116
1981,7.0,60000,5000000.0,42368.025,110
1981,6.8,4200,,50427.646,107
1981,6.1,61000,1250000.0,21722.776,87
1981,6.8,51000,,14225.876,103
1981,6.7,94000,28000000.0,54813.222,127
1981,6.5,77000,2500000.0,25533.818,92
1981,6.8,17000,14000000.0,35856.053,126
1981,7.3,21000,32000000.0,40382.659,195
1981,7.6,29000,,119285.432,109
1981,7.3,87000,12000000.0,63456.988000000005,83
1981,7.2,56000,5500000.0,59303.359000000004,125
1981,6.9,12000,12000000.0,40716.963,116
1981,3.4,5300,6500000.0,36565.28,115
1981,6.7,29000,10000000.0,10853.418,116
1981,6.9,27000,7000000.0,95461.682,97
1981,7.8,19000,,5.073,110
1981,5.8,7300,,15965.924,91
1981,6.6,11000,3000000.0,,94
1981,6.9,47000,11000000.0,31672.907,92
1981,6.6,32000,1000000.0,17985.893,91
1981,6.7,16000,18000000.0,14110.013,109
1981,6.9,5300,3000000.0,1752.634,109
1981,7.3,21000,12500000.0,20962.615,100
1981,5.6,19000,5000000.0,20471.382,108
1981,6.7,15000,5000000.0,19032.261,129
1981,5.2,3400,2800000.0,26279.0,87
1981,6.6,22000,12000000.0,12376.625,122
1981,7.3,9000,,14920.781,155
1981,5.6,5200,2500000.0,8279.042,100
1981,6.0,4500,8500000.0,6400.0,103
1981,7.4,38000,,5732.587,110
1981,6.6,28000,16000000.0,17374.595,109
1981,7.2,17000,,,106
1981,6.4,5700,12000000.0,14867.086000000001,122
1981,6.8,21000,400000.0,123.843,87
1981,6.3,7900,,23371.905,110
1981,6.3,19000,,5672.031,90
1981,5.9,13000,,7886.857,96
1981,6.5,5700,26000000.0,636.796,107
1981,7.0,13000,,26890.068,124
1981,7.2,14000,,31206.251,97
1981,6.3,7500,10000000.0,12850.276,108
1981,6.1,4900,8000000.0,,93
1981,6.4,18000,5000000.0,19905.359,99
1981,6.2,7100,,37000.0,88
1981,6.3,5600,,35610.1,122
1981,5.6,7600,8500000.0,29916.207000000002,94
1981,5.9,1300,,237.0,87
1981,7.1,9900,,17583.634000000002,112
1981,6.3,9400,17000000.0,10626.725,115
1981,5.5,4400,,5165.432,86
1981,7.5,7600,8600000.0,8124.2570000000005,167
1981,5.5,5700,,2447.576,104
1981,6.2,4800,,15578.237000000001,103
1981,7.2,12000,,110.014,117
1981,5.8,2600,,5229.643,92
1981,6.7,5800,,29200.0,125
1981,6.0,2400,800000.0,1118.634,84
1981,6.2,4100,,,93
1981,5.4,2600,20000000.0,18826.49,98
1981,5.6,2600,6000000.0,9566.593,92
1981,5.5,4500,,20259.961,88
1981,6.0,891,,14923.752,112
1981,6.3,1300,,12.042,101
1981,4.9,3600,250000.0,,96
1981,5.1,4900,8000000.0,26154.211,93
1981,6.5,5300,22000000.0,9171.289,108
1981,7.2,4400,1500000.0,,96
1981,5.1,2000,18000000.0,12617.845000000001,98
1981,5.2,1300,14000000.0,2022.771,118
1981,5.6,2400,,1169.875,88
1981,5.5,3600,3800000.0,,106
1981,6.8,1100,2700000.0,3256.082,103
1981,5.9,1600,,14492.125,117
1981,6.5,4500,10000000.0,7258.543000000001,96
1981,6.1,2900,11000000.0,31261.269,94
1981,7.0,3600,,2863.6420000000003,93
1981,4.3,1300,12000000.0,2154.696,78
1981,5.6,829,,11809.387,94
1981,5.0,761,3500000.0,17569.027000000002,100
1981,6.8,1400,,1976.198,94
1981,7.3,2700,13000000.0,8206.145,119
1981,2.7,659,46000000.0,5200.986,140
1981,5.5,1700,14000000.0,4454.295,87
1981,5.6,1100,12000000.0,3702.0280000000002,100
1981,5.4,1100,16000000.0,10851.261,116
1981,6.5,1300,,25524.778000000002,120
1981,5.2,928,24000000.0,2004.742,107
1981,4.9,920,,18838.812,94
1981,5.5,384,2000000.0,1791.147,90
1981,2.9,674,,,82
1981,5.0,1200,,16000.0,96
1981,5.8,782,,6892.098,112
1981,5.1,101,,,100
1981,5.1,499,,12000.0,91
1981,6.9,1100,,17.11,129
1981,6.3,228,,1622.8980000000001,94
1982,7.2,98000,4500000.0,27092.88,90
1982,8.1,710000,28000000.0,41676.878000000004,117
1982,8.1,382000,15000000.0,19632.053,109
1982,6.9,141000,20000000.0,68851.475,129
1982,7.8,381000,10500000.0,792910.554,115
1982,7.7,234000,15000000.0,125212.90400000001,93
1982,7.0,52000,7500000.0,129795.554,124
1982,4.4,34000,13200000.0,15171.476,115
1982,6.6,41000,50000000.0,57063.861000000004,127
1982,7.3,148000,10700000.0,77142.388,114
1982,6.9,73000,12000000.0,78868.508,96
1982,7.7,115000,11200000.0,78912.963,113
1982,4.9,2500,,5588.8,100
1982,6.3,8100,,5829.781,92
1982,7.6,44000,12000000.0,30036.0,150
1982,8.0,220000,22000000.0,52767.889,191
1982,7.4,100000,21000000.0,177200.0,116
1982,6.8,115000,17000000.0,33000.525,96
1982,7.6,37000,7000000.0,14665.733,82
1982,7.8,94000,20000000.0,2536.242,109
1982,6.8,179000,17000000.0,125052.686,99
1982,6.2,22000,8000000.0,14056.528,118
1982,6.9,44000,8000000.0,21028.755,120
1982,7.3,8200,3500000.0,20659.423,102
1982,8.0,78000,12000000.0,22265.763,95
1982,6.2,20000,18000000.0,7000.0,118
1982,8.1,59000,6000000.0,6795.771,188
1982,5.7,49000,2300000.0,36690.067,95
1982,6.0,26000,18000000.0,46708.276,136
1982,5.0,45000,2500000.0,14400.0,98
1982,7.2,63000,15000000.0,41630.431000000004,93
1982,7.7,37000,16000000.0,53993.738,129
1982,6.1,9300,300000.0,2032.3110000000001,85
1982,4.9,6500,,16897.768,98
1982,5.9,2800,,20225.989,108
1982,7.2,25000,17000000.0,29712.172000000002,136
1982,7.1,19000,5000000.0,14099.953,110
1982,6.0,10000,35000000.0,69701.637,114
1982,7.1,20000,13000000.0,10278.575,115
1982,6.6,15000,,21095.638,106
1982,5.7,3900,,4968.0,98
1982,7.6,20000,,28229.046000000002,134
1982,7.4,25000,3500000.0,6455.33,92
1982,6.7,15000,9000000.0,13277.558,125
1982,6.2,50000,15000000.0,27150.534,85
1982,5.8,11000,17000000.0,47118.057,102
1982,6.0,7800,425000.0,10604.986,91
1982,7.1,15000,10000000.0,6110.67,117
1982,5.6,5700,,39103.425,99
1982,6.0,15000,2000000.0,16100.0,89
1982,5.5,5300,4500000.0,10490.791000000001,103
1982,3.7,3400,20000000.0,5675.599,99
1982,6.3,2600,16000000.0,5672.311,128
1982,6.9,21000,9000000.0,18196.170000000002,88
1982,5.5,11000,5000000.0,12534.817000000001,104
1982,7.7,19000,9500000.0,14000.0,122
1982,7.3,7300,,,140
1982,4.9,1100,,11378.339,104
1982,6.7,3500,11300000.0,5301.539,120
1982,7.0,13000,,19282.134000000002,116
1982,6.5,2000,,7400.0,103
1982,3.6,1700,750000.0,,83
1982,5.9,1500,,1515.578,111
1982,6.5,2200,13000000.0,5005.245,140
1982,5.5,3000,,30688.86,96
1982,7.4,9000,,20123.62,92
1982,6.1,4300,10000000.0,5979.947,93
1982,3.9,2300,800000.0,2.27,85
1982,6.9,2500,,11897.978000000001,113
1982,6.6,8200,2000000.0,4484.991,122
1982,5.6,3700,,7742.572,98
1982,7.2,4200,850000.0,840.958,109
1982,6.4,3000,6000000.0,2666.873,125
1982,5.0,9800,6000000.0,9056.073,96
1982,6.0,1800,,1054.328,91
1982,6.4,6100,22000000.0,6118.683,108
1982,6.0,1900,,15782.759,101
1982,6.6,19000,,9077.269,88
1982,6.5,2000,,13253.583,97
1982,5.5,2700,15000000.0,36821.203,116
1982,6.9,2500,12000000.0,9217.53,124
1982,5.1,684,17000000.0,946.461,105
1982,6.4,1500,11000000.0,1736.123,90
1982,5.7,3800,,13258.67,103
1982,4.9,501,,2370.376,95
1982,4.7,2000,,10054.15,84
1982,5.6,2400,,9823.934000000001,110
1982,6.2,5100,,13111.101,110
1982,6.5,768,,263.635,110
1982,6.3,2000,,2977.706,108
1982,5.3,1100,4000000.0,6328.816,96
1982,5.7,1800,10000000.0,3583.513,117
1982,5.7,818,,6668.025000000001,107
1982,7.0,3000,,3.7,121
1982,6.2,1100,5000000.0,3792.188,87
1982,5.6,2900,5000000.0,6660.3330000000005,90
1982,6.2,2100,,7241.18,90
1982,6.2,683,,143.369,94
1982,6.5,1300,10000000.0,8000.0,107
1982,5.9,914,,1474.249,97
1982,6.0,3100,7000000.0,21134.374,90
1982,3.5,322,,2914.328,90
1982,4.7,984,13400000.0,2869.638,103
1982,7.4,4100,,3723.036,112
1982,5.7,1500,,16894.678,87
1982,5.8,1400,,23671.186,97
1982,6.5,3000,,42.914,97
1982,6.1,1000,15000000.0,199.078,108
1982,4.4,538,,3178.542,108
1982,6.8,785,,8693.512,103
1982,5.3,1200,6000000.0,6062.898,93
1982,7.7,3900,,36299.72,82
1982,7.1,1800,,78.35000000000001,74
1982,5.1,838,,12408.066,121
1982,3.9,653,19000000.0,2279.543,110
1982,6.2,895,,6968.359,108
1982,7.2,1300,,3783.329,109
1982,6.1,460,,3355.948,98
1982,5.8,665,,22.44,106
1982,6.8,352,,,78
1982,6.3,256,,5124.3910000000005,94
1982,5.7,253,,,96
1982,3.8,651,10000.0,,98
1982,7.0,240,,,80
1982,6.7,75,435000.0,,90
1982,6.8,336,,777.087,106
1983,8.3,766000,25000000.0,65884.70300000001,170
1983,7.1,78000,10000000.0,25697.647,91
1983,8.3,973000,32500000.0,475106.177,131
1983,6.8,83000,6200000.0,63541.777,99
1983,7.4,100000,15000000.0,61399.552,98
1983,7.5,141000,15000000.0,90404.8,116
1983,5.0,66000,39000000.0,59950.623,125
1983,7.2,34000,8000000.0,56399.659,105
1983,4.7,15000,22000000.0,64892.67,93
1983,3.7,41000,20500000.0,87987.05500000001,99
1983,6.7,75000,9700000.0,21017.849000000002,110
1983,6.3,28000,350000.0,,84
1983,6.2,50000,4000000.0,92921.20300000001,95
1983,7.1,93000,12000000.0,79567.667,114
1983,7.8,57000,27000000.0,21192.315,193
1983,6.1,31000,47000000.0,16916.617000000002,121
1983,4.9,2800,,24071.666,102
1983,7.2,65000,10000000.0,20766.616,103
1983,6.5,98000,27500000.0,67893.619,131
1983,5.3,6100,3500000.0,14049.54,89
1983,6.4,14000,350000.0,17343.596,99
1983,7.2,32000,10000000.0,2494.48,94
1983,7.2,86000,5952000.0,2120.439,87
1983,7.4,57000,8000000.0,108423.749,132
1983,6.5,34000,10000000.0,29450.919,101
1983,6.2,63000,36000000.0,55432.841,134
1983,7.9,134000,3300000.0,20653.717,93
1983,6.1,41000,5000000.0,21156.152000000002,93
1983,6.6,42000,22000000.0,67642.693,117
1983,6.7,24000,,5988.322,97
1983,6.6,22000,,64783.827000000005,91
1983,6.4,18000,22000000.0,42313.354,109
1983,5.9,8700,7500000.0,19910.002,100
1983,6.5,25000,5000000.0,34725.0,113
1983,7.4,22000,,5899.678,111
1983,7.2,14000,,9190.819,123
1983,7.2,19000,10000000.0,35615.609000000004,131
1983,5.9,16000,5600000.0,17233.166,91
1983,5.7,11000,11000000.0,4218.594,96
1983,5.2,3300,,22587.834,97
1983,6.6,13000,12000000.0,40218.899,133
1983,6.6,10000,1200000.0,760.883,81
1983,6.9,6900,,4786.789,95
1983,6.0,7500,6500000.0,4300.0,96
1983,7.5,115000,9000000.0,14949.697,107
1983,8.1,24000,,55.269,125
1983,5.0,3200,,20307.325,96
1983,3.5,8200,,5678.95,85
1983,4.6,4600,457000.0,11919.25,80
1983,5.0,11000,6500000.0,33759.266,98
1983,6.8,8600,19000000.0,8400.0,95
1983,7.4,9700,,8443.124,92
1983,6.7,6000,12000000.0,6472.99,103
1983,6.7,13000,15000000.0,15856.028,128
1983,6.3,11000,5000000.0,12232.628,107
1983,6.3,8200,,29309.766,95
1983,7.3,16000,,2306.56,123
1983,4.9,4200,7000000.0,1246.141,100
1983,4.7,3000,800000.0,2082.215,80
1983,6.4,11000,15000000.0,10219.460000000001,106
1983,6.4,25000,,10353.438,93
1983,5.7,2900,3000000.0,17488.564000000002,94
1983,6.3,7200,4520000.0,7175.592000000001,101
1983,6.4,9300,14500000.0,30503.151,105
1983,5.2,5400,,10375.893,89
1983,5.2,1900,250000.0,4319.001,93
1983,4.9,3700,,13000.0,96
1983,5.0,1500,25000000.0,1402.962,111
1983,4.7,3900,14000000.0,23646.952,88
1983,5.0,2100,1250000.0,6149.983,95
1983,5.5,5500,14400000.0,16478.265,90
1983,6.1,5100,19000000.0,28445.927,105
1983,7.5,7800,,29600.0,105
1983,7.1,3300,,694.4970000000001,112
1983,6.5,3400,8000000.0,30.379,77
1983,4.0,3600,2500000.0,10676.194,98
1983,7.2,13000,,14648.076000000001,110
1983,4.3,1200,,5563.6630000000005,83
1983,7.0,7200,9500000.0,5696.3910000000005,128
1983,4.1,6000,6000000.0,6333.135,105
1983,7.0,5800,,2044.892,90
1983,5.9,8200,6500000.0,6486.7970000000005,103
1983,6.1,4700,700000.0,13168.027,90
1983,7.7,41000,,11798.616,79
1983,6.5,458,,,110
1983,4.6,2300,,,89
1983,6.8,10000,9000000.0,13030.214,107
1983,6.0,3100,,123.572,130
1983,4.7,1100,8000000.0,724.912,98
1983,5.6,7400,,15543.710000000001,91
1983,4.4,2900,,2810.199,88
1983,6.1,2900,4000000.0,1080.47,88
1983,4.3,5700,11000000.0,4491.986,109
1983,5.5,4400,8000000.0,16134.627,100
1983,5.7,1200,11800000.0,5997.566,104
1983,5.8,4700,12000000.0,14000.0,103
1983,3.0,938,5000000.0,1223.2,92
1983,6.3,6500,,5555.305,109
1983,7.6,4900,,5310.7480000000005,118
1983,6.6,2600,,11787.127,102
1983,7.0,1700,,,127
1983,5.3,2200,19000000.0,10964.74,110
1983,5.8,3000,6000000.0,6670.68,99
1983,4.6,3600,10000000.0,10369.581,99
1983,5.7,1100,5000000.0,1262.691,95
1983,6.6,3300,,17613.72,98
1983,4.9,2100,,6347.072,101
1983,6.3,1700,3000000.0,1867.7920000000001,105
1983,6.6,1600,,1772.8890000000001,130
1983,5.2,1700,,,85
1983,6.6,1200,,687.475,130
1983,6.7,1300,,272.278,113
1983,5.9,701,550000.0,5269.99,88
1983,6.7,1100,5500000.0,1645.711,92
1983,6.2,2100,12000000.0,1963.756,99
1983,5.5,2700,,1362.303,94
1983,6.0,2100,,12049.514000000001,103
1983,3.8,1600,,5301.085,84
1983,3.7,208,220000.0,975.414,96
1983,6.8,1600,300000.0,1530.839,110
1983,5.8,115,,,89
1983,5.2,747,10100000.0,10171.304,95
1983,6.7,659,8000000.0,3000.0,106
1983,5.1,786,,1818.91,100
1983,5.3,456,5000000.0,4304.286,91
1983,4.3,617,,1723.487,86
1983,3.8,513,,2443.487,111
1983,6.1,681,,2439.705,122
1983,5.2,786,,6857.733,103
1983,4.7,460,,,105
1983,6.1,368,,2314.561,99
1983,6.3,661,,,111
1983,4.9,360,,108.128,89
1983,6.0,235,100000.0,,92
1983,7.3,2200,,16156.776,83
1983,4.9,300,3000000.0,,95
1983,7.2,826,50000.0,26.177,115
1983,5.4,169,,,96
1983,4.5,131,,,92
1983,5.4,182,2500000.0,,95
1983,5.0,275,3000.0,,80
1983,6.7,51,,,84
1983,5.3,313,,6666.725,94
1983,8.3,79,323562.0,,55
1984,8.0,812000,6400000.0,78371.2,107
1984,6.5,132000,40000000.0,30925.690000000002,137
1984,7.8,365000,30000000.0,296187.079,105
1984,7.3,205000,8000000.0,91119.319,126
1984,8.4,321000,30000000.0,5473.212,229
1984,6.7,118000,4500000.0,81198.894,96
1984,7.5,459000,28000000.0,333107.271,118
1984,6.8,30000,10000000.0,8801.94,114
1984,7.5,212000,1800000.0,25507.137,91
1984,8.3,377000,18000000.0,52066.791000000005,160
1984,7.3,171000,14000000.0,316360.478,105
1984,6.4,53000,17000000.0,38376.497,114
1984,7.4,135000,27000000.0,20251.411,102
1984,6.6,73000,8200000.0,80039.064,107
1984,6.6,50000,8000000.0,40874.452,90
1984,7.3,204000,11000000.0,153633.143,106
1984,6.9,86000,10000000.0,86572.238,106
1984,6.7,19000,14500000.0,8089.29,93
1984,7.0,108000,6500000.0,23686.027000000002,93
1984,8.1,96000,,2207.5480000000002,145
1984,7.9,132000,2500000.0,4736.202,82
1984,7.1,68000,,8430.492,113
1984,7.2,62000,9000000.0,20458.34,90
1984,5.9,77000,18000000.0,31042.035,103
1984,5.6,49000,800000.0,14568.989,92
1984,6.8,39000,15000000.0,28733.29,101
1984,6.3,71000,8000000.0,69821.334,111
1984,7.6,91000,1500000.0,4228.292,99
1984,7.5,46000,28000000.0,47951.979,138
1984,6.3,36000,5000000.0,38435.947,105
1984,8.1,157000,1000000.0,8736.506,117
1984,6.0,47000,2600000.0,32980.88,91
1984,4.9,3200,,7121.719,88
1984,5.9,11000,13000000.0,21689.062,128
1984,4.4,19000,35000000.0,14296.438,124
1984,7.0,25000,25000000.0,8613.462,132
1984,6.1,30000,15000000.0,17080.167,114
1984,5.6,11000,1250000.0,4654.423,88
1984,6.0,15000,9000000.0,25348.61,87
1984,5.9,12000,,6770.587,99
1984,6.4,25000,,6254.148,103
1984,6.7,76000,17000000.0,76471.046,105
1984,6.9,35000,1500000.0,129.0,92
1984,6.8,50000,28000000.0,40400.657,116
1984,7.8,53000,14400000.0,34700.291,141
1984,6.5,17000,58000000.0,25928.721,127
1984,7.0,44000,22000000.0,28744.356,115
1984,6.4,19000,700000.0,14418.922,95
1984,5.8,10000,,18644.57,100
1984,6.3,14000,,12145.169,99
1984,6.4,6600,,2912.945,107
1984,6.1,15000,21000000.0,8103.33,102
1984,7.4,11000,,34901.614,111
1984,3.0,5100,7000000.0,8914.881,105
1984,5.1,15000,20000000.0,28078.073,108
1984,7.5,36000,90000.0,2436.0,89
1984,5.7,10000,9000000.0,14255.801,91
1984,7.3,18000,16000000.0,27201.487,164
1984,6.5,20000,7200000.0,70263.155,111
1984,6.0,8000,7500000.0,5142.858,109
1984,7.1,7700,,876.775,98
1984,4.9,4600,25000000.0,5778.353,117
1984,5.5,14000,2550000.0,22812.411,101
1984,6.4,18000,30000000.0,45858.563,143
1984,6.9,20000,,25534.703,94
1984,6.1,2500,,11020.375,96
1984,6.5,13000,12000000.0,11129.057,106
1984,5.3,2700,,1337.2740000000001,87
1984,5.8,6000,,38682.707,90
1984,7.3,22000,12000000.0,1455.045,120
1984,6.7,15000,2000000.0,4389.334,95
1984,4.2,8400,5500000.0,,81
1984,6.5,7100,,2193.612,95
1984,6.6,7000,,,101
1984,6.7,4200,6500000.0,6045.647,108
1984,5.9,14000,1065000.0,2491.46,79
1984,6.7,8000,8000000.0,6836.201,121
1984,6.7,17000,,36403.064,93
1984,5.4,1800,,4743.119,97
1984,4.1,983,,10530.0,94
1984,6.3,1900,,8289.916000000001,90
1984,6.3,16000,,48143.579,114
1984,3.9,7000,28000000.0,21435.321,111
1984,6.2,5000,,23859.382,100
1984,5.6,3300,,11708.269,96
1984,5.9,4400,15000000.0,6650.206,100
1984,6.5,3600,9500000.0,16595.791,105
1984,3.7,705,,4463.841,93
1984,5.1,3900,,15101.131000000001,94
1984,6.6,5100,13000000.0,6551.987,128
1984,5.8,4100,,11302.884,113
1984,6.5,11000,13000000.0,25068.724000000002,115
1984,5.4,4200,,7610.785,92
1984,4.3,1700,,2886.225,81
1984,6.0,3600,4600000.0,13102.025,90
1984,6.2,2300,8000000.0,6250.994,103
1984,5.7,2100,,,90
1984,6.1,4000,9000000.0,27774.237,107
1984,8.3,4100,,,153
1984,6.3,6500,18000000.0,11489.982,124
1984,6.0,6100,,150.463,95
1984,7.2,9300,6000000.0,21821.347,101
1984,6.7,1900,,1057.368,106
1984,3.7,2300,,5410.972,87
1984,5.9,2200,,17513.452,100
1984,5.8,2900,6000000.0,12414.210000000001,113
1984,5.5,9300,25000000.0,38348.988,93
1984,7.0,5100,,2556.8,112
1984,6.1,5300,,7343.032,100
1984,6.4,2300,10000000.0,3854.833,93
1984,6.1,2000,,7828.841,130
1984,6.4,3000,3000000.0,727.639,84
1984,4.8,619,,2732.684,85
1984,5.3,3000,,8793.152,97
1984,5.8,1600,9000000.0,10435.015,100
1984,6.8,5700,350000.0,3677.2090000000003,108
1984,5.5,2000,,4994.094,102
1984,7.4,24000,8000000.0,10600.497,84
1984,3.8,5600,18000000.0,19265.302,94
1984,6.0,2800,15100000.0,26080.861,118
1984,5.5,4600,12000000.0,26186.631,96
1984,4.5,2000,,3739.406,89
1984,6.6,1400,,5021.751,105
1984,6.3,6800,,5718.573,90
1984,6.8,2600,700000.0,2490.233,106
1984,5.7,1300,,4561.3460000000005,105
1984,7.4,4200,,15.726,101
1984,6.0,2600,12000000.0,19928.2,96
1984,5.9,1300,10000000.0,2773.433,91
1984,6.1,3000,11000000.0,4385.312,110
1984,6.4,1500,,1493.782,103
1984,6.7,1800,,9640.0,105
1984,4.7,3900,,3772.785,82
1984,5.8,816,,2075.282,116
1984,5.2,1400,9000000.0,1393.501,108
1984,6.3,599,,865.915,94
1984,5.4,856,7000000.0,1467.396,96
1984,6.3,1800,,1009.7,122
1984,3.7,446,,1689.501,93
1984,6.3,866,,1142.944,93
1984,5.9,807,,7889.694,94
1984,5.7,634,,4239.154,95
1984,5.2,1200,12000000.0,129.268,91
1984,7.9,2700,,,187
1984,6.0,440,,1525.532,91
1984,5.8,822,6300000.0,1059.9660000000001,109
1984,5.7,794,,1820.049,110
1984,6.5,2600,,2527.088,92
1984,4.5,212,,526.8050000000001,92
1984,5.4,2400,,21538.850000000002,97
1984,6.3,653,,162.364,107
1984,5.2,733,,1839.623,90
1984,5.9,456,,148.75,98
1984,6.5,586,,200.498,106
1984,7.6,2500,,2411.143,90
1984,6.6,952,,1945.6580000000001,99
1984,5.8,262,,343.89,103
1984,5.3,241,,,93
1984,6.1,270,221000.0,2687.148,110
1984,3.8,424,,21058.033,88
1984,5.7,1400,,837.914,108
1984,6.9,94,,,95
1984,5.7,184,,,90
1984,7.3,67,,2.729,89
1984,5.1,216,1000000.0,95.0,96
1984,5.1,73,,,98
1984,5.1,172,,,85
1984,6.2,105,,127.426,90
1985,6.6,83000,7500000.0,38934.048,94
1985,7.8,252000,19000000.0,63980.721,114
1985,8.5,1100000,19000000.0,381906.762,116
1985,7.3,31000,6000000.0,17307.019,116
1985,7.3,88000,15000000.0,14643.997000000001,94
1985,7.8,367000,1000000.0,51525.171,97
1985,6.7,59000,17500000.0,85313.124,117
1985,6.5,159000,44000000.0,300400.43200000003,96
1985,7.2,27000,8000000.0,48230.162000000004,120
1985,6.4,62000,24500000.0,15502.112000000001,94
1985,7.3,56000,4000000.0,14237.880000000001,91
1985,6.4,38000,10000000.0,37803.872,110
1985,7.9,191000,15000000.0,9949.953,132
1985,7.3,55000,6900000.0,41410.568,115
1985,6.1,48000,,33086.611,91
1985,7.0,31000,8000000.0,12952.019,108
1985,6.7,150000,10000000.0,57491.0,90
1985,7.4,89000,12000000.0,68706.993,112
1985,7.8,81000,15000000.0,98467.863,154
1985,7.2,40000,26000000.0,32192.57,133
1985,6.9,192000,30000000.0,300473.716,91
1985,7.1,42000,,10297.601,97
1985,8.2,117000,11500000.0,4164.283,162
1985,7.0,44000,20000000.0,18432.0,121
1985,7.3,41000,3000000.0,21041.453,117
1985,5.1,39000,17900000.0,6951.415,89
1985,7.1,63000,9000000.0,24922.237,106
1985,6.5,20000,25000000.0,9873.044,109
1985,6.7,17000,6500000.0,,126
1985,6.3,129000,10000000.0,36230.219,107
1985,7.7,63000,4500000.0,10609.321,97
1985,6.3,91000,30000000.0,50327.96,131
1985,6.9,49000,8000000.0,59612.888,98
1985,4.5,4800,19000000.0,12918.858,115
1985,5.5,63000,3000000.0,29999.213,87
1985,6.3,15000,,24689.703,87
1985,6.2,24000,25000000.0,11603.545,101
1985,7.0,50000,6000000.0,40940.662000000004,91
1985,7.2,75000,31000000.0,227514.20500000002,161
1985,7.1,65000,3500000.0,5000.0,101
1985,6.5,15000,,11528.9,100
1985,6.2,60000,17000000.0,49364.621,95
1985,6.4,45000,22000000.0,60088.98,102
1985,6.2,24000,3000000.0,19444.631,93
1985,5.8,53000,7600000.0,55600.0,87
1985,6.4,33000,44000000.0,21288.692,80
1985,4.8,35000,2200000.0,21930.418,92
1985,7.2,28000,9000000.0,7683.62,111
1985,7.2,59000,900000.0,2023.414,104
1985,6.5,36000,20000000.0,45833.132,102
1985,6.9,13000,10000000.0,25754.284,109
1985,6.6,9200,,3099.497,96
1985,6.0,22000,4500000.0,27398.584,104
1985,6.0,10000,,6326.051,90
1985,6.6,8100,,12993.175000000001,107
1985,6.5,14000,15000000.0,40491.165,108
1985,6.9,45000,40000000.0,12303.411,108
1985,6.1,4400,,9369.329,112
1985,5.5,8900,,19875.74,107
1985,6.1,53000,25000000.0,96773.2,106
1985,5.5,14000,3200000.0,10000.0,94
1985,5.3,7900,,331.81600000000003,82
1985,7.6,31000,,113.164,100
1985,6.5,11000,8000000.0,7562.164,115
1985,7.0,20000,4500000.0,18135.531,95
1985,6.7,6900,20000000.0,42160.849,136
1985,6.5,5900,,8692.426,97
1985,6.4,25000,7000000.0,12361.866,95
1985,7.4,15000,,17009.654,120
1985,6.9,15000,,2455.535,97
1985,6.8,20000,18000000.0,19739.575,109
1985,6.5,2200,2400000.0,16.785,92
1985,4.8,8100,9000000.0,20518.905,92
1985,6.9,14000,24000000.0,18707.466,134
1985,6.7,23000,,26657.534,130
1985,6.8,25000,1000000.0,2123.135,91
1985,8.0,17000,,444.213,114
1985,4.3,3400,750000.0,,97
1985,6.6,6600,,8622.757,90
1985,5.7,16000,,4662.137,85
1985,6.3,12000,,7840.8730000000005,99
1985,8.0,10000,5000000.0,569.996,120
1985,6.2,9300,27000000.0,14202.899,113
1985,6.3,23000,7000000.0,13086.298,94
1985,7.0,5600,13000000.0,30867.525,107
1985,6.9,4100,,6070.794,104
1985,6.5,5700,,1420.355,113
1985,7.0,5600,,9708.373,101
1985,6.5,1800,,19.632,111
1985,6.7,7500,7000000.0,91.666,91
1985,6.2,7000,,10806.919,101
1985,5.9,14000,9000000.0,16116.878,92
1985,5.2,13000,12500000.0,15057.465,100
1985,5.5,14000,1000000.0,10499.694,95
1985,6.9,9600,,24468.55,114
1985,5.7,3100,,393.825,112
1985,6.8,11000,12000000.0,17130.087,131
1985,5.0,6900,3000000.0,7196.872,93
1985,7.0,5500,1250000.0,2492.088,91
1985,6.3,4600,,3852.271,90
1985,7.7,48000,15000000.0,10631.333,82
1985,5.7,15000,16000000.0,8645.411,92
1985,7.6,19000,,8349.284,101
1985,6.0,5500,,4122.7480000000005,94
1985,6.1,1500,,,88
1985,5.3,2200,,3333.306,94
1985,6.1,2900,,199.108,110
1985,4.7,1400,,14100.0,91
1985,5.5,9200,10000000.0,17536.256,107
1985,5.3,6500,28000000.0,358.574,126
1985,7.0,8200,,10179.0,91
1985,6.6,14000,,390.659,104
1985,5.7,3800,,10627.754,90
1985,5.3,4000,,2278.264,91
1985,6.1,2400,,836.1560000000001,106
1985,5.1,3100,,14972.297,95
1985,6.1,7300,7000000.0,20345.361,101
1985,5.7,5300,3000000.0,5.101,83
1985,4.4,3900,,5730.5960000000005,90
1985,7.1,4400,,9085.049,115
1985,4.5,1000,,1878.5610000000001,105
1985,4.8,1400,,5622.787,93
1985,6.3,12000,50000000.0,23717.291,107
1985,6.2,2200,,8630.068,102
1985,6.6,6900,10000000.0,25627.836,98
1985,6.5,2100,,6090.497,88
1985,7.4,2700,,849.915,86
1985,5.7,1900,22000000.0,8489.518,109
1985,5.3,2900,13000000.0,3558.669,118
1985,4.5,1800,,441.137,90
1985,6.2,6100,2000000.0,4116.395,87
1985,6.0,2800,10000000.0,6148.0,121
1985,5.3,2100,22000000.0,5111.099,114
1985,7.5,4300,,7491.903,108
1985,5.3,7900,2410000.0,10755.447,100
1985,5.7,4200,5000000.0,981.817,91
1985,6.1,3800,7000000.0,4349.446,103
1985,6.0,3700,,3594.9970000000003,102
1985,7.8,8800,,69.83200000000001,112
1985,6.5,2900,3000000.0,11052.713,97
1985,7.3,2600,2000000.0,7660.857,100
1985,6.1,2300,,1918.117,99
1985,6.2,3000,,5349.607,107
1985,7.7,2500,,35.336,119
1985,7.8,9000,,34.751,136
1985,5.5,1200,,1304.192,96
1985,6.5,2100,15000000.0,3360.8,100
1985,5.4,993,,2564.2780000000002,98
1985,4.5,1800,,1057.064,88
1985,5.7,5200,2000000.0,22934.622,77
1985,6.4,404,,385.687,104
1985,5.6,1600,,220.038,98
1985,6.5,1000,8000000.0,8402.424,111
1985,6.7,2500,,2174.622,96
1985,6.1,2300,,1256.862,115
1985,6.5,3400,,13677.222,89
1985,5.8,610,,,88
1985,5.4,1200,7000000.0,29.815,109
1985,6.2,511,,421.201,90
1985,4.1,243,7000000.0,618.847,96
1985,6.1,1100,,147.07,93
1985,5.4,1400,,3393.8070000000002,90
1985,7.0,1400,,305.10200000000003,114
1985,6.8,1500,,1215.923,94
1985,6.5,2100,,750.0,96
1985,4.6,1200,,2685.453,98
1985,6.8,1400,,1299.9850000000001,102
1985,5.9,953,,12531.831,99
1985,6.9,1100,,4889.9710000000005,85
1985,6.0,1100,5000000.0,,98
1985,6.6,3400,,2052.466,106
1985,5.1,386,,,97
1985,4.1,434,2000000.0,2864.844,92
1985,7.6,804,,,112
1985,5.2,487,,1381.0910000000001,87
1985,6.9,1300,,,112
1985,5.9,934,,561.548,95
1985,7.5,2800,,2.357,144
1985,5.0,301,,,90
1985,6.7,861,,2507.995,112
1985,4.2,468,,372.438,80
1985,4.7,760,,345.28000000000003,87
1985,6.1,122,,,88
1985,6.9,726,,2156.772,97
1985,6.4,701,,,104
1985,5.3,128,,,83
1985,4.8,134,,,90
1985,5.1,351,,,97
1985,6.6,545,,542.42,119
1985,6.8,214,,,95
1985,6.3,155,,202.428,84
1985,6.9,207,,6565.359,72
1985,6.6,192,,,101
1985,6.5,339,,,130
1985,6.6,91,,,90
1985,4.6,100,,,98
1985,6.9,397,,,110
1985,6.4,166,,,91
1985,5.4,51,,,91
1985,5.6,139,,,88
1986,6.9,306000,15000000.0,357288.178,110
1986,8.3,668000,18500000.0,131060.248,137
1986,8.1,374000,8000000.0,52287.414000000004,89
1986,7.8,330000,6000000.0,70720.215,103
1986,6.6,96000,8800000.0,328203.506,97
1986,7.4,127000,25000000.0,13915.874,101
1986,7.1,127000,16000000.0,5900.712,116
1986,7.3,128000,25000000.0,11100.577000000001,99
1986,6.8,76000,9000000.0,40479.48,97
1986,8.1,389000,6000000.0,138545.632,120
1986,7.7,186000,6000000.0,8618.766,120
1986,7.2,68000,15000000.0,8621.783,120
1986,4.7,44000,37000000.0,37962.774,110
1986,7.6,165000,15000000.0,60629.159,96
1986,7.0,68000,25000000.0,38983.045,94
1986,6.6,28000,25000000.0,14302.779,117
1986,6.1,82000,,115103.979,113
1986,7.0,17000,1900000.0,4600.0,99
1986,6.0,39000,17000000.0,6735.9220000000005,117
1986,6.0,53000,25000000.0,79817.937,94
1986,7.3,81000,25000000.0,109713.132,119
1986,6.7,58000,15000000.0,40697.761,98
1986,5.6,19000,12000000.0,17768.9,125
1986,7.7,104000,,7153.487,130
1986,6.0,15000,2700000.0,3500.0,93
1986,7.0,77000,13800000.0,52293.982,119
1986,7.5,44000,6000000.0,28607.524,114
1986,6.9,41000,15000000.0,42724.017,130
1986,6.9,45000,9000000.0,18564.613,90
1986,5.8,69000,25000000.0,49042.224,87
1986,6.4,34000,18000000.0,41488.348,103
1986,7.4,57000,24500000.0,17502.499,125
1986,6.6,780,,1777.378,93
1986,6.2,13000,,15448.384,110
1986,6.5,70000,25000000.0,39246.734000000004,104
1986,5.5,31000,10000000.0,7433.6630000000005,98
1986,6.9,15000,6000000.0,8200.0,100
1986,6.0,40000,3000000.0,19472.057,86
1986,6.4,54000,10000000.0,54999.651,91
1986,6.6,29000,11000000.0,91258.0,96
1986,7.4,19000,,2016.851,185
1986,6.2,15000,8500000.0,38702.31,113
1986,6.1,32000,2000000.0,13167.232,86
1986,5.6,29000,4700000.0,8025.872,101
1986,5.5,14000,,24159.872,117
1986,6.4,14000,,13431.806,93
1986,6.7,24000,4500000.0,1261.0,85
1986,7.0,30000,4000000.0,2850.707,112
1986,7.0,33000,111000.0,609.939,83
1986,7.3,14000,,5794.184,104
1986,5.4,43000,,43579.163,83
1986,6.8,22000,5000000.0,591.366,88
1986,8.1,26000,,167.292,149
1986,7.2,45000,6000000.0,5844.868,97
1986,6.9,5600,,2015.882,91
1986,6.9,50000,,84542.00200000001,80
1986,5.7,13000,18000000.0,9697.739,107
1986,5.6,32000,8500000.0,16209.459,106
1986,7.9,68000,6400000.0,40084.041,107
1986,7.2,46000,14000000.0,38625.55,74
1986,6.9,27000,13000000.0,71624.879,93
1986,7.3,38000,6000000.0,5860.601000000001,84
1986,6.1,12000,,26285.544,106
1986,4.5,9500,1100000.0,5450.8150000000005,82
1986,7.0,15000,6500000.0,2347.0,111
1986,6.5,5600,,7177.4310000000005,114
1986,6.9,17000,7000000.0,8362.969000000001,114
1986,6.1,10000,20000000.0,25314.189000000002,108
1986,7.1,15000,,5839.031,99
1986,5.4,6200,15000000.0,1953.732,98
1986,6.8,13000,175000.0,7137.502,84
1986,6.5,12000,,38500.726,107
1986,5.8,4700,18000000.0,1305.114,115
1986,5.3,7800,,27820.0,104
1986,7.7,49000,1100000.0,1504.286,107
1986,5.7,26000,19000000.0,40996.665,91
1986,7.3,7500,,58.731,105
1986,5.4,14000,,14481.606,93
1986,4.6,9000,13000000.0,3751.699,99
1986,7.0,11000,,13299.749,76
1986,6.6,5500,,5.478,93
1986,7.2,15000,10500000.0,31853.08,119
1986,5.6,8200,12000000.0,4884.6630000000005,100
1986,7.0,11000,,286.12600000000003,110
1986,6.2,16000,14000000.0,62134.225,103
1986,6.2,15000,5000000.0,12947.763,89
1986,6.5,12000,8500000.0,17685.307,102
1986,6.1,8100,40000000.0,1641.825,121
1986,5.7,7000,14000000.0,12303.904,106
1986,7.1,6300,8500000.0,277.646,136
1986,5.1,5900,15000000.0,12308.521,96
1986,8.0,21000,,3940.542,113
1986,5.7,7400,,916.172,87
1986,5.7,11000,12000000.0,15945.534,88
1986,6.7,18000,10000000.0,20603.715,109
1986,3.9,5600,10000000.0,4711.22,105
1986,5.8,3100,,,117
1986,5.7,5500,13000000.0,8475.466,100
1986,4.8,4100,25000000.0,1579.26,94
1986,6.2,5600,18000000.0,3900.0,117
1986,5.8,6200,,6797.218,98
1986,5.2,976,,,92
1986,5.9,19000,,29844.101000000002,105
1986,6.5,1500,,4636.169,103
1986,6.3,12000,18000000.0,36611.61,111
1986,7.2,6100,,2545.459,89
1986,7.7,10000,,5.274,84
1986,6.0,5100,6000000.0,9947.631,100
1986,5.6,6900,,8988.731,91
1986,8.0,24000,,4940.939,120
1986,5.4,2200,,2510.433,94
1986,6.2,2800,8700000.0,4865.912,109
1986,5.9,5100,3300000.0,4941.117,93
1986,5.9,6600,,32324.557,118
1986,5.7,6600,,320.25600000000003,85
1986,5.7,4500,,7634.909000000001,105
1986,6.4,5400,,5186.646,110
1986,5.5,5400,,6637.5650000000005,100
1986,6.3,3500,,13418.091,89
1986,4.7,790,,2556.361,101
1986,5.7,6900,13000000.0,8033.397,82
1986,7.7,7700,,63.137,99
1986,6.2,6800,10000000.0,21458.229,104
1986,4.9,1900,,4601.256,96
1986,6.0,6800,12000000.0,7817.314,104
1986,5.1,6300,8000000.0,11949.484,105
1986,5.8,1300,,604.849,84
1986,5.7,6600,2000000.0,7369.3730000000005,98
1986,6.6,12000,,1476.356,96
1986,6.0,10000,40000000.0,93151.591,116
1986,5.9,2800,,1720.45,103
1986,6.4,1600,14000000.0,18034.15,97
1986,6.0,4700,,7555.0,106
1986,4.8,1400,,4845.724,102
1986,6.0,6200,15000000.0,25147.055,103
1986,6.4,3800,20000000.0,22905.522,105
1986,5.0,3200,,10090.429,100
1986,7.1,2100,,,85
1986,3.5,2200,,2147.228,96
1986,5.8,1400,,546.904,114
1986,5.6,3200,,930.211,108
1986,4.7,1800,,2750.741,93
1986,5.8,2600,4000000.0,4679.650000000001,104
1986,5.6,1900,17000000.0,2793.214,101
1986,5.8,2600,,14205.021,106
1986,5.1,1800,,,91
1986,5.4,1400,,5099.316,93
1986,5.7,3100,,5715.174,109
1986,3.2,5000,17000000.0,2315.683,97
1986,5.7,2700,16000000.0,3800.0,111
1986,4.7,1400,,6029.8240000000005,90
1986,5.2,1200,,140.98,102
1986,5.6,1900,,4781.448,97
1986,5.7,2800,,,108
1986,5.4,2500,,1131.3990000000001,90
1986,5.9,2300,,278.623,98
1986,7.2,8000,,1915.7920000000001,101
1986,3.2,1100,,78.068,88
1986,5.3,1100,,275.0,100
1986,6.8,3400,18000000.0,11957.943000000001,108
1986,5.4,565,,,89
1986,5.6,454,,277.40500000000003,86
1986,7.3,4900,,837.623,125
1986,7.4,4700,,3272.593,133
1986,5.9,906,10000000.0,4743.287,88
1986,7.2,2800,,,90
1986,5.9,783,,,88
1986,5.6,1600,25000000.0,4007.25,127
1986,6.0,2500,,5958.456,86
1986,4.2,616,,2669.366,102
1986,7.6,2100,,441.863,96
1986,5.2,879,,1943.751,105
1986,5.2,543,,3136.701,97
1986,4.4,1100,10000000.0,6947.787,83
1986,6.0,1400,,4079.895,102
1986,4.6,258,18000000.0,2295.5,105
1986,7.0,2700,,925.952,84
1986,4.9,503,,502.237,104
1986,5.6,1200,,2390.525,95
1986,6.2,2000,,1500.0,100
1986,5.5,2200,,8540.346,76
1986,4.8,153,,601.451,87
1986,4.1,1900,3401376.0,3388.02,95
1986,6.6,937,,416.39300000000003,105
1986,5.7,818,,1254.04,101
1986,7.7,3800,600000.0,,105
1986,7.2,1000,,781.727,89
1986,6.7,377,,,98
1986,5.9,735,,6408.791,110
1986,6.0,367,,583.8000000000001,90
1986,5.0,533,,2497.233,90
1986,5.0,592,1500000.0,,86
1986,6.8,840,,8.736,107
1986,5.3,453,,2995.527,90
1986,5.8,525,2000000.0,1301.121,111
1986,7.2,3100,,512.403,144
1986,5.5,754,,563.3580000000001,107
1986,3.7,922,,,90
1986,4.0,437,,,90
1986,5.9,675,,,102
1987,8.1,402000,16000000.0,30902.642,98
1987,7.3,128000,,32388.898,97
1987,8.3,691000,30000000.0,46357.676,116
1987,7.8,381000,15000000.0,98268.458,107
1987,7.5,240000,13000000.0,53424.681000000004,102
1987,7.0,211000,6000000.0,214577.242,100
1987,6.9,40000,7000000.0,34368.475,102
1987,7.9,289000,25000000.0,76270.454,119
1987,7.1,176000,22700000.0,38119.483,96
1987,7.3,130000,6000000.0,29180.28,94
1987,7.6,243000,15000000.0,120207.12700000001,109
1987,7.0,35000,5000000.0,3369.3070000000002,94
1987,5.9,30000,6000000.0,42721.196,90
1987,5.4,38000,22000000.0,17336.37,106
1987,6.9,79000,14000000.0,320145.693,119
1987,7.0,108000,,14575.193000000001,94
1987,7.7,119000,35000000.0,22238.696,153
1987,7.1,37000,15000000.0,35509.515,114
1987,6.6,65000,22000000.0,63766.51,118
1987,7.1,29000,,18553.948,95
1987,6.7,144000,27000000.0,38122.105,101
1987,6.4,9000,10500000.0,25205.46,102
1987,7.3,83000,17000000.0,17186.348,113
1987,7.1,53000,15000000.0,80642.217,102
1987,3.0,42000,23000000.0,51881.013,89
1987,7.4,147000,15000000.0,43848.069,126
1987,7.3,131000,13000000.0,123922.37,121
1987,6.6,73000,4500000.0,44793.222,96
1987,7.6,128000,30000000.0,49530.28,93
1987,6.8,34000,,31623.833000000002,94
1987,6.9,55000,22000000.0,26713.187,112
1987,6.5,111000,28000000.0,299965.036,100
1987,3.7,44000,17000000.0,15681.02,90
1987,6.5,31000,12000000.0,110996.879,111
1987,7.6,41000,,1628.359,107
1987,7.7,152000,3600000.0,5923.798,84
1987,6.6,18000,,35659.098,97
1987,6.8,56000,27000000.0,25893.81,120
1987,6.7,91000,40000000.0,51186.259,130
1987,5.8,51000,25000000.0,16057.58,93
1987,7.7,97000,,43993.869,163
1987,6.4,19000,,12396.383,98
1987,6.1,50000,11000000.0,167780.96,102
1987,6.9,30000,6500000.0,54215.416000000005,108
1987,5.1,14000,,30063.289,88
1987,7.0,30000,12000000.0,3769.9900000000002,79
1987,6.7,39000,3000000.0,14182.492,102
1987,8.0,67000,,3404.0570000000002,128
1987,7.7,17000,,2642.567,140
1987,7.2,28000,20000000.0,67331.30900000001,133
1987,6.0,32000,10000000.0,49998.613,110
1987,6.1,23000,3500000.0,14000.0,92
1987,5.0,41000,,28061.343,88
1987,6.8,14000,,2488.7400000000002,89
1987,6.1,3300,,174.38,89
1987,5.7,9500,,15151.736,93
1987,6.7,32000,25000000.0,65088.797,106
1987,6.6,42000,12000000.0,40050.884,107
1987,6.0,33000,20000000.0,66673.516,106
1987,6.3,35000,14000000.0,57915.972,88
1987,6.2,10000,,548.696,85
1987,3.4,11000,3000000.0,7888.703,95
1987,6.3,14000,,26712.476,110
1987,7.5,9500,,1083.486,100
1987,6.1,16000,,13539.458,85
1987,5.5,11000,3500000.0,23509.382,92
1987,5.8,2600,,1028.679,90
1987,6.7,24000,,13839.404,110
1987,5.6,9100,10000000.0,,99
1987,7.0,18000,5000000.0,9747.988,97
1987,6.4,5100,8300000.0,12640.385,112
1987,7.2,19000,3000000.0,3221.568,100
1987,5.5,3300,3000000.0,9868.521,93
1987,6.0,21000,18000000.0,39337.581,95
1987,8.0,32000,,4575.613,104
1987,6.5,3600,,124.167,93
1987,7.3,13000,,10021.12,113
1987,6.1,4400,8000000.0,2877.571,106
1987,4.5,11000,55000000.0,14375.181,107
1987,4.8,1300,5000000.0,858.25,110
1987,6.6,24000,,65673.23300000001,117
1987,7.8,19000,,4637.92,103
1987,2.6,7600,1000000.0,1576.615,100
1987,7.5,32000,16000000.0,14792.779,88
1987,7.4,13000,,3731.829,95
1987,6.1,10000,18000000.0,21589.395,108
1987,7.1,11000,6000000.0,3685.862,101
1987,5.0,3600,4000000.0,800.0,87
1987,6.5,2500,,3832.228,96
1987,6.1,6500,13000000.0,18753.438000000002,114
1987,5.4,10000,,7800.0,88
1987,5.4,9100,5000000.0,6880.31,99
1987,7.3,21000,,2585.639,102
1987,7.4,13000,29000000.0,5899.7970000000005,157
1987,5.9,1900,,519.596,92
1987,5.2,3000,5000000.0,6075.793000000001,88
1987,5.3,6600,15000000.0,13290.368,81
1987,5.9,2800,,13110.903,92
1987,6.1,9700,12800000.0,10278.549,106
1987,6.0,5600,,17355.263,85
1987,6.7,8600,27000000.0,7393.3460000000005,143
1987,4.8,9600,17000000.0,7305.209,92
1987,6.6,6400,22000000.0,11307.844000000001,104
1987,7.9,7500,4000000.0,1680.358,135
1987,7.8,10000,,2063.688,157
1987,6.6,9600,14500000.0,18782.4,121
1987,6.6,9200,6000000.0,12423.831,119
1987,7.2,5200,,6804.312,77
1987,4.2,1200,,2700.0,108
1987,5.7,5600,,2683.5190000000002,97
1987,6.4,3500,7000000.0,7019.441,98
1987,6.2,5200,,300.859,90
1987,6.4,3200,13000000.0,4572.845,103
1987,6.5,5000,,4278.15,95
1987,5.7,2600,8000000.0,1988.962,105
1987,4.7,1300,,1749.9560000000001,102
1987,6.1,3900,,873.903,85
1987,5.4,3200,14000000.0,20240.502,97
1987,6.9,1500,,,96
1987,6.2,7600,,52864.741,99
1987,5.2,5700,10500000.0,34377.585,100
1987,5.1,4700,3520000.0,562.187,100
1987,6.6,8000,11000000.0,25411.386000000002,112
1987,5.9,1800,,1733.017,109
1987,5.6,2600,,10489.617,107
1987,5.8,4000,4000000.0,345.704,102
1987,6.8,2700,,3283.832,88
1987,7.1,4500,,370.69800000000004,78
1987,6.4,2900,5000000.0,1119.112,97
1987,5.1,2900,,1930.001,92
1987,6.1,2300,14000000.0,459.824,101
1987,7.3,4400,,1338.198,90
1987,7.3,5700,,1672.9270000000001,105
1987,6.3,9300,11000000.0,19734.94,109
1987,4.9,8200,350000.0,4000.0,90
1987,7.2,2300,,1083.282,116
1987,6.3,4800,6000000.0,1432.6870000000001,107
1987,5.3,1400,4500000.0,406.88100000000003,92
1987,6.2,2000,7500000.0,796.368,97
1987,5.4,4800,9000000.0,5406.879,115
1987,3.8,6400,100000.0,,88
1987,4.0,2100,75000.0,,72
1987,5.1,1600,2000000.0,1083.395,87
1987,4.3,1100,,1149.47,89
1987,5.4,3400,,12046.526,104
1987,5.6,2100,,700.0,97
1987,2.2,7900,24000000.0,4615.255,85
1987,7.6,4300,,824.024,103
1987,6.3,2600,5300000.0,3107.551,107
1987,6.2,2200,,,110
1987,5.8,3500,,4215.849,93
1987,7.0,5200,100000.0,5228.617,78
1987,7.3,7300,,4370.078,83
1987,6.4,5200,,5262.0470000000005,111
1987,6.6,6000,25000000.0,30950.002,116
1987,7.6,2200,,22.039,99
1987,4.8,1400,,,86
1987,5.7,999,,1025.762,90
1987,6.6,3300,5800000.0,,94
1987,5.7,2800,10000000.0,3060.858,92
1987,5.4,2500,,1584.97,98
1987,4.3,3100,,1189.709,95
1987,5.7,2300,1000000.0,210.20000000000002,86
1987,5.3,3200,,20419.446,96
1987,5.7,1200,,316.199,102
1987,6.2,3700,,2413.427,100
1987,5.1,1600,,,92
1987,4.6,1200,,3922.273,90
1987,6.2,1700,,1262.0910000000001,90
1987,6.2,3100,5500000.0,969.205,90
1987,4.7,1100,19000000.0,2228.951,101
1987,5.5,3800,12000000.0,5669.831,83
1987,6.4,1400,19897678.0,1744.164,105
1987,4.5,882,,,89
1987,5.3,997,,1539.0,88
1987,7.3,1000,,1025.228,357
1987,7.4,2000,,213.901,103
1987,7.0,5500,,,119
1987,6.1,512,,169.785,93
1987,6.2,905,7000000.0,999.3820000000001,98
1987,5.4,872,15000000.0,5711.976000000001,105
1987,7.0,2500,,138.608,105
1987,5.9,878,,225.358,112
1987,6.7,1200,,,118
1987,5.9,541,,949.451,125
1987,5.0,2100,,10348.437,86
1987,6.7,3500,,,89
1987,6.5,9300,10000000.0,486.434,83
1987,7.4,3000,,2201.428,118
1987,5.2,4200,,16337.355,103
1987,5.6,1700,,2407.024,91
1987,5.6,771,,901.364,98
1987,5.6,1400,,2189.047,99
1987,5.4,834,4000000.0,743.445,91
1987,6.2,2200,,9518.342,111
1987,4.9,862,,4546.244,91
1987,4.5,697,,285.885,91
1987,5.1,390,10000000.0,989.033,95
1987,7.1,1900,,895.904,134
1987,6.5,639,,1236.848,100
1988,8.2,810000,28000000.0,141603.19700000001,132
1988,7.5,79000,30000000.0,81613.606,126
1988,7.5,270000,15000000.0,74270.07400000001,92
1988,7.3,205000,18000000.0,151927.28100000002,104
1988,8.0,483000,25000000.0,354825.435,133
1988,7.7,15000,7000000.0,2847.9410000000003,116
1988,7.3,117000,4000000.0,13008.928,94
1988,7.3,103000,35000000.0,57269.863,126
1988,5.6,55000,14000000.0,239606.21,108
1988,7.2,92000,3000000.0,1163.969,103
1988,7.1,196000,39000000.0,288752.301,117
1988,7.7,187000,70000000.0,329803.958,104
1988,6.3,27000,6000000.0,12793.213,104
1988,8.0,171000,,2562.351,124
1988,8.5,239000,5000000.0,13019.063,155
1988,7.8,91000,15000000.0,34603.943,128
1988,6.6,91000,9000000.0,44196.684,87
1988,6.1,117000,15000000.0,216614.388,107
1988,7.6,158000,12000000.0,78756.177,85
1988,6.6,41000,24000000.0,43455.23,91
1988,5.9,81000,20000000.0,171504.78100000002,104
1988,8.2,304000,3700000.0,30550.920000000002,86
1988,6.9,57000,13000000.0,45661.556000000004,107
1988,7.5,135000,7500000.0,62493.712,108
1988,6.8,54000,28000000.0,102953.11200000001,113
1988,6.8,79000,1100000.0,11806.119,92
1988,7.5,54000,7000000.0,8865.702,164
1988,6.2,16000,10000000.0,21486.757,104
1988,7.4,82000,12500000.0,84460.846,69
1988,5.8,125000,63000000.0,189015.611,102
1988,7.2,33000,13000000.0,32078.318,111
1988,7.6,66000,14000000.0,34670.72,119
1988,5.4,21000,10000000.0,3916.303,100
1988,7.0,20000,2000000.0,6673.032,92
1988,7.3,43000,13000000.0,8038.508,116
1988,7.1,49000,7000000.0,50888.729,108
1988,7.6,49000,,3975.244,168
1988,7.3,35000,17000000.0,10006.806,171
1988,6.5,34000,19000000.0,8247.943,95
1988,6.7,45000,31000000.0,74151.346,74
1988,5.1,5200,,1547.397,104
1988,6.9,24000,20000000.0,57041.866,123
1988,6.1,67000,29000000.0,34994.648,104
1988,5.7,51000,13000000.0,49369.899,93
1988,6.8,15000,,32632.093,121
1988,7.2,52000,46630000.0,8083.1230000000005,126
1988,6.2,34000,2000000.0,,88
1988,5.9,45000,5000000.0,17768.757,88
1988,6.6,14000,7500000.0,5596.267,96
1988,3.4,12000,13000000.0,6424.112,99
1988,6.0,30000,7500000.0,18869.631,99
1988,7.0,90000,32000000.0,60329.001000000004,101
1988,6.3,42000,31000000.0,37903.295,91
1988,6.6,13000,3000000.0,13030.057,88
1988,6.2,21000,3500000.0,4385.5160000000005,86
1988,7.4,67000,,42039.085,110
1988,5.3,34000,2800000.0,19170.001,88
1988,6.3,19000,8000000.0,22433.275,88
1988,6.5,44000,3000000.0,12090.735,97
1988,6.9,51000,20000000.0,17637.95,120
1988,6.7,25000,6000000.0,46616.067,120
1988,5.4,25000,20000000.0,13854.0,105
1988,6.9,9600,15000000.0,6908.7970000000005,120
1988,5.9,10000,2500000.0,1189.315,93
1988,5.8,8900,17000000.0,8578.231,99
1988,6.0,15000,2000000.0,725.131,103
1988,5.8,19000,6200000.0,9205.924,89
1988,5.9,4000,5000000.0,3569.939,100
1988,7.2,19000,6000000.0,5680.515,119
1988,7.3,17000,,13994.92,103
1988,6.0,15000,1100000.0,671.3820000000001,85
1988,7.6,37000,700000.0,7263.129,88
1988,5.9,12000,20000000.0,16031.707,106
1988,4.6,33000,,19510.371,90
1988,6.1,30000,23000000.0,41292.551,115
1988,6.2,14000,1200000.0,3109.904,90
1988,6.6,15000,20000000.0,51684.798,106
1988,6.4,4000,5000000.0,6957.975,98
1988,5.4,16000,17500000.0,25024.919,116
1988,4.7,17000,10500000.0,14114.488000000001,98
1988,6.2,12000,3000000.0,808.114,95
1988,6.2,20000,19000000.0,25537.221,101
1988,7.0,9000,,13.133000000000001,102
1988,5.9,12000,7500000.0,2983.784,104
1988,3.8,15000,20000000.0,11798.302,98
1988,6.0,6700,6500000.0,14545.844000000001,121
1988,4.6,6300,22000000.0,17550.399,91
1988,5.5,1600,,159.969,96
1988,5.7,24000,15000000.0,21630.088,110
1988,6.5,23000,7000000.0,19595.031,98
1988,5.5,2600,,6264.058,90
1988,6.0,17000,,20324.096,97
1988,6.4,13000,,40150.487,97
1988,6.2,11000,7000000.0,5344.577,113
1988,5.9,14000,,18875.011,97
1988,8.2,29000,,,142
1988,6.1,3500,12000000.0,15855.828,91
1988,6.5,14000,3000000.0,7282.851000000001,97
1988,6.9,17000,23000000.0,19652.638,110
1988,5.4,10000,7000000.0,20256.975000000002,96
1988,5.7,7600,25000000.0,16118.077000000001,107
1988,6.8,12000,15000000.0,29300.09,110
1988,7.3,9100,8000000.0,161.004,111
1988,6.7,6400,4700000.0,1705.1390000000001,113
1988,7.0,25000,22000000.0,61149.479,129
1988,6.3,15000,16000000.0,32155.047000000002,91
1988,6.3,5800,19000000.0,25816.139,127
1988,7.0,9800,3700000.0,1145.404,87
1988,5.9,3600,,540.0,102
1988,5.1,8800,,15122.324,86
1988,5.9,4500,,17514.553,90
1988,6.2,4200,6000000.0,960.04,102
1988,5.8,3100,,401.421,94
1988,5.5,14000,4500000.0,3813.293,86
1988,6.0,7200,5000000.0,3588.626,86
1988,7.3,13000,4000000.0,3468.572,110
1988,4.9,3400,,8253.123,92
1988,7.7,17000,,31753.898,96
1988,6.9,6000,22000000.0,13825.794,117
1988,5.7,4400,,2567.099,93
1988,5.9,9300,,13664.06,98
1988,5.1,1700,14000000.0,6640.3460000000005,105
1988,6.5,8300,,3966.256,105
1988,5.0,3800,,12277.096,97
1988,5.9,3000,1000000.0,,97
1988,7.2,12000,9000000.0,2181.286,161
1988,6.7,4200,,7467.504,98
1988,8.0,8800,,2080.7580000000003,113
1988,5.2,8500,,11536.599,91
1988,5.9,8200,15000000.0,21042.667,128
1988,6.6,2400,,13687.027,99
1988,6.2,5300,,10815.378,89
1988,4.3,1800,,717.376,100
1988,7.4,4800,,1192.3220000000001,108
1988,6.0,5100,15000000.0,1733.07,98
1988,7.3,6400,,3331.297,175
1988,7.7,6800,,4870.903,120
1988,5.7,3900,18000000.0,1883.8110000000001,99
1988,6.0,1200,,,88
1988,6.2,9700,,12706.478000000001,96
1988,4.9,6000,,6193.901,103
1988,5.2,8400,16000000.0,4192.4400000000005,105
1988,7.2,8300,,424.773,118
1988,5.4,4000,,940.173,91
1988,6.6,1800,3000000.0,187.34900000000002,99
1988,5.0,1700,,6337.299,102
1988,4.9,2200,210000.0,,81
1988,5.8,497,,7721.852,104
1988,5.8,3600,7000000.0,5979.011,95
1988,4.6,6100,,14681.192000000001,113
1988,5.5,2600,,3074.681,91
1988,5.7,994,12000000.0,3965.6040000000003,105
1988,7.3,3100,,2319.801,105
1988,5.8,4800,19000000.0,11005.304,97
1988,7.0,9800,,8539.181,107
1988,5.6,3600,4000000.0,9797.098,80
1988,7.3,13000,10000000.0,1562.749,81
1988,6.7,5500,,241.278,92
1988,5.7,3900,16000000.0,4594.452,102
1988,6.4,4800,3000000.0,1984.315,110
1988,5.4,2300,6000000.0,40.397,91
1988,6.2,3800,4000000.0,1791.328,93
1988,5.4,1200,,,93
1988,5.9,3500,18000000.0,9129.999,105
1988,5.7,1300,,188.964,108
1988,6.7,5700,,8674.093,124
1988,6.9,3900,4000000.0,16262.415,97
1988,7.0,3400,,3527.886,100
1988,5.5,997,,2432.536,108
1988,4.4,3100,,6436.211,83
1988,6.0,3000,6000000.0,10068.039,97
1988,5.1,4900,,2955.917,92
1988,6.8,1200,,1451.857,104
1988,6.2,3000,22000000.0,12638.294,127
1988,5.7,1200,13000000.0,5509.417,97
1988,6.7,2100,,303.624,100
1988,5.4,688,,344.375,81
1988,3.8,4700,,10497.324,105
1988,4.9,309,,,91
1988,5.4,1500,6000000.0,1869.1480000000001,101
1988,5.8,2200,6000000.0,657.446,99
1988,6.3,1700,,1223.326,108
1988,6.6,1900,,1560.7,118
1988,5.7,3800,,9974.446,117
1988,7.3,998,,,95
1988,5.4,1600,,1348.771,97
1988,5.4,613,,747.013,119
1988,6.4,1900,8000000.0,1893.1390000000001,91
1988,5.3,3500,,5301.2,96
1988,4.2,949,13000000.0,259.019,102
1988,5.9,2000,5000000.0,429.028,90
1988,7.4,3900,,771.745,84
1988,5.6,10000,6000000.0,28202.109,95
1988,5.4,3000,,3838.793,82
1988,6.0,5500,20000000.0,11444.204,103
1988,6.5,1500,,,89
1988,6.2,2700,12000000.0,7242.035,102
1988,5.7,3900,3000000.0,343.786,93
1988,7.0,3700,4000000.0,1267.578,124
1988,5.7,1500,14000000.0,4764.606,103
1989,8.2,707000,48000000.0,474171.806,127
1989,6.6,66000,17000000.0,30050.028000000002,114
1989,7.5,346000,35000000.0,411508.343,126
1989,7.0,123000,10000000.0,40508.994,90
1989,7.5,111000,,84431.625,107
1989,8.1,442000,16400000.0,235860.116,128
1989,7.6,244000,40000000.0,211343.479,83
1989,7.5,167000,70000000.0,90000.098,140
1989,7.8,494000,40000000.0,332500.002,108
1989,8.0,94000,6500000.0,37295.445,120
1989,6.4,146000,18000000.0,222724.172,93
1989,6.2,66000,13000000.0,71079.91500000001,97
1989,6.4,51000,,30218.387000000002,97
1989,5.3,56000,,38956.288,112
1989,7.2,52000,1200000.0,24741.667,100
1989,7.6,201000,16000000.0,93232.00600000001,95
1989,7.2,64000,11000000.0,49797.148,107
1989,7.3,50000,15000000.0,96759.512,117
1989,6.6,97000,11500000.0,57470.138,103
1989,7.0,88000,15000000.0,79258.538,100
1989,6.6,187000,37000000.0,215394.738,108
1989,6.4,98000,55000000.0,63408.614,104
1989,7.2,101000,14000000.0,161001.698,145
1989,7.8,126000,18000000.0,26979.166,122
1989,7.0,46000,20000000.0,126297.83,124
1989,7.2,166000,28000000.0,227853.986,114
1989,7.6,164000,27000000.0,73594.64600000001,97
1989,6.9,71000,18000000.0,49101.993,102
1989,7.3,85000,,21515.196,100
1989,6.6,97000,32000000.0,156167.015,133
1989,7.2,7400,,6056.912,108
1989,6.1,21000,30000000.0,60864.87,116
1989,6.4,39000,24000000.0,22099.847,109
1989,7.6,36000,,7724.701,124
1989,6.2,16000,7000000.0,9094.451000000001,103
1989,6.9,50000,18000000.0,46908.987,103
1989,7.1,42000,22500000.0,18671.317,113
1989,6.4,9100,18000000.0,10647.219000000001,108
1989,7.9,70000,,14743.391,103
1989,6.8,50000,26000000.0,160188.546,116
1989,4.6,12000,,11060.485,105
1989,6.1,12000,,793.775,100
1989,6.1,14000,6000000.0,14278.9,100
1989,7.0,27000,5000000.0,6157.157,97
1989,5.9,78000,7500000.0,296999.813,93
1989,5.5,57000,27800000.0,52210.049,107
1989,7.0,26000,,4088.14,101
1989,6.8,38000,13800000.0,27100.027000000002,84
1989,5.1,30000,500000.0,10166.459,86
1989,6.4,29000,31000000.0,74134.79000000001,122
1989,5.8,19000,25000000.0,15704.614,98
1989,6.4,13000,5000000.0,1700.0,97
1989,6.8,38000,10400000.0,7825.009,96
1989,6.5,52000,1500000.0,14697.005000000001,97
1989,6.6,51000,30000000.0,134212.055,125
1989,5.8,9600,18000000.0,8508.843,105
1989,7.4,102000,7500000.0,145793.296,99
1989,7.3,34000,2500000.0,4729.352,101
1989,5.1,42000,6000000.0,22168.359,89
1989,5.8,6500,,5552.441,114
1989,5.1,36000,5000000.0,11642.254,96
1989,5.4,11000,8000000.0,8143.225,99
1989,6.8,39000,19000000.0,110879.513,113
1989,6.1,4200,9000000.0,19674.852,101
1989,6.0,32000,17000000.0,78247.647,101
1989,7.4,19000,10000000.0,31906.454,108
1989,7.5,29000,9000000.0,10161.099,137
1989,5.4,4100,,12065.892,90
1989,4.6,35000,5000000.0,14343.976,100
1989,6.1,8600,,27.843,90
1989,7.0,13000,33000000.0,1132.112,137
1989,6.5,4800,7000000.0,8800.0,106
1989,6.9,22000,13000000.0,18428.904,114
1989,5.5,15000,5000000.0,16554.699,109
1989,5.8,9700,12000000.0,15942.628,108
1989,5.1,22000,,38903.179000000004,105
1989,5.6,17000,,15351.421,99
1989,7.6,26000,2800000.0,1544.973,110
1989,6.0,3600,22000000.0,19131.246,120
1989,6.2,1400,11987578.0,444.055,113
1989,6.3,7400,10000000.0,2777.28,105
1989,6.1,20000,8000000.0,39450.96,95
1989,5.6,5900,5000000.0,1919.653,107
1989,6.2,13000,,1932.642,107
1989,7.9,56000,19000000.0,18254.702,104
1989,6.5,6300,,20047.604,113
1989,6.8,5300,18000000.0,4973.285,90
1989,6.1,7500,,3960.327,98
1989,6.3,4600,4000000.0,283.694,94
1989,6.9,16000,,6291.444,98
1989,5.8,6100,,5777.099,108
1989,6.5,11000,16000000.0,16278.59,108
1989,6.5,13000,15000000.0,28890.24,113
1989,6.8,5900,,1730.005,102
1989,7.1,7000,35000000.0,1368.0,85
1989,5.5,2900,5000000.0,3416.846,97
1989,6.2,16000,,13741.06,108
1989,6.4,17000,15000000.0,10763.469000000001,124
1989,6.3,4300,13000000.0,22026.369,113
1989,6.4,16000,10000000.0,2692.0370000000003,86
1989,4.7,4400,4000000.0,192.816,88
1989,5.6,6700,,4611.062,97
1989,6.1,22000,20000000.0,10555.348,106
1989,6.1,9200,20000000.0,7237.794,94
1989,5.9,15000,,10982.364,94
1989,6.0,5200,,4557.214,98
1989,6.5,7200,30000000.0,3563.1620000000003,127
1989,4.4,29000,12000000.0,11567.217,84
1989,5.8,6900,,18699.037,94
1989,6.5,6500,,882.29,90
1989,5.4,11000,19000000.0,12143.484,122
1989,6.2,11000,15000000.0,40586.886,96
1989,5.4,6000,10000000.0,1272.977,85
1989,4.4,6000,8000000.0,16093.651,93
1989,5.7,12000,,12195.695,110
1989,4.3,1800,2500000.0,,90
1989,6.3,1900,,259.486,98
1989,5.7,3700,1500000.0,1519.796,93
1989,6.2,2800,,536.508,104
1989,6.2,4800,5000000.0,117.46300000000001,100
1989,6.1,6800,3000000.0,870.532,81
1989,6.3,5600,,2049.7690000000002,102
1989,6.3,4700,19000000.0,27503.037,117
1989,4.5,3200,18000000.0,3077.361,94
1989,6.9,5700,,418.053,90
1989,6.0,1700,,4347.648,95
1989,5.5,703,,294.266,92
1989,7.6,5400,3000000.0,4609.953,96
1989,5.6,2200,,3299.382,75
1989,5.2,677,8000000.0,1097.333,95
1989,6.5,1500,,9114.702,111
1989,7.0,5300,9000000.0,3766.879,106
1989,5.5,3800,,3953.745,93
1989,4.8,2300,,169.203,94
1989,6.8,2300,,408.839,120
1989,7.3,5000,75000.0,,90
1989,6.7,4500,,8742.75,108
1989,5.0,3600,3000000.0,1738.897,95
1989,6.2,4500,,510.712,92
1989,5.1,6200,2300000.0,792.966,102
1989,6.1,3500,14500000.0,8125.592000000001,102
1989,7.4,7200,,6263.883,124
1989,6.1,3600,8500000.0,11604.598,109
1989,7.2,11000,,,103
1989,5.4,3300,16000000.0,9015.164,106
1989,6.9,716,11500000.0,2260.616,98
1989,6.8,3500,,938.562,97
1989,5.3,1000,,4299.023,107
1989,6.0,2000,,1852.655,102
1989,6.1,1900,,201.46800000000002,95
1989,3.7,790,,1089.0,112
1989,6.0,881,,1247.946,116
1989,7.5,6800,,1601.612,120
1989,4.8,490,,2043.8890000000001,98
1989,5.5,1700,3000000.0,76.325,90
1989,6.3,2200,,7723.506,98
1989,5.7,917,,463.97200000000004,124
1989,5.0,201,5000000.0,,95
1989,7.1,1500,,,104
1989,6.0,1200,,2156.471,103
1989,4.8,1600,,858.591,88
1989,6.3,2700,20000000.0,2420.917,117
1989,5.8,849,,4795.009,119
1989,6.0,2900,,,89
1989,6.0,1500,14000000.0,5932.613,95
1989,5.9,2700,18000000.0,3531.971,120
1989,6.2,1300,,2023.2820000000002,110
1989,6.6,2100,9500000.0,7754.571,119
1989,3.6,5000,,902.152,89
1989,5.1,1600,17000000.0,3560.9320000000002,99
1989,5.8,1600,,3690.328,103
1989,5.2,1300,,,85
1989,4.8,1000,16000000.0,67.878,93
1989,5.8,2100,10000000.0,1642.239,86
1989,4.5,274,,,92
1989,5.8,1800,34000000.0,3574.256,119
1989,5.9,1400,4000000.0,6985.999,92
1989,6.0,943,5000000.0,8153.677000000001,83
1989,7.6,6100,,1417.03,81
1989,6.4,4800,,18587.135000000002,103
1989,6.8,2600,,1776.44,91
1989,6.4,659,,960.385,102
1989,4.8,1200,10000000.0,3169.719,100
1989,5.4,1200,,1869.4170000000001,94
1989,5.5,1200,4000000.0,43.671,93
1989,4.4,4300,,363.56100000000004,102
1989,4.3,1100,,,107
1989,6.2,761,,4348.025,91
1989,4.5,653,,,92
1989,3.1,666,,129.778,89
1989,4.9,710,,337.812,95
1989,7.2,2100,,1316.4950000000001,102
1989,6.9,1700,,,95
1989,5.8,877,,574.08,94
1989,6.0,696,,1354.268,104
1989,4.4,1300,,5368.865,83
1989,5.6,776,,216.373,92
1989,5.0,694,9000000.0,3473.905,93
1989,6.1,1400,6000000.0,1877.618,94
1989,5.5,353,,862.551,90
1990,8.7,1100000,25000000.0,46963.277,146
1990,7.6,370000,54000000.0,136861.392,162
1990,7.5,310000,65000000.0,261317.921,113
1990,7.0,299000,14000000.0,463406.268,119
1990,7.6,501000,18000000.0,476684.675,103
1990,7.1,203000,22000000.0,505703.55700000003,127
1990,8.0,247000,22000000.0,424208.848,181
1990,7.1,126000,11000000.0,16667.084,96
1990,7.1,344000,70000000.0,240031.274,124
1990,7.8,191000,20000000.0,61276.872,107
1990,6.2,140000,15000000.0,201957.688,111
1990,5.6,22000,47000000.0,15691.192000000001,125
1990,6.8,88000,13500000.0,201965.915,93
1990,7.9,456000,20000000.0,86024.005,105
1990,7.6,186000,30000000.0,200512.643,135
1990,6.1,59000,47000000.0,162738.726,105
1990,7.8,130000,31000000.0,52096.475,121
1990,6.0,9100,,4960.385,108
1990,7.2,86000,9500000.0,14561.425000000001,125
1990,6.3,151000,35000000.0,57120.318,108
1990,5.8,83000,25000000.0,45681.173,117
1990,6.9,46000,,10360.553,91
1990,7.5,101000,25000000.0,26118.851,113
1990,7.4,416000,40000000.0,245077.583,118
1990,6.4,60000,14000000.0,48878.502,96
1990,6.4,11000,13000000.0,1293.976,130
1990,6.5,57000,11000000.0,8266.343,85
1990,6.9,39000,22000000.0,221303.188,127
1990,6.4,65000,22000000.0,53208.18,109
1990,6.1,81000,60000000.0,157920.733,107
1990,7.0,34000,5300000.0,2554.476,103
1990,6.4,95000,50000000.0,41482.207,106
1990,5.3,130000,42000000.0,119946.35800000001,104
1990,6.5,32000,20000000.0,44143.41,104
1990,7.7,128000,14000000.0,5080.409000000001,115
1990,6.2,17000,22000000.0,15645.616,124
1990,6.4,28000,,13985.225,90
1990,7.3,69000,,5017.9710000000005,117
1990,6.7,30000,20000000.0,35419.397,110
1990,5.9,47000,13000000.0,35763.605,84
1990,5.8,35000,25000000.0,39404.261,102
1990,7.1,20000,23000.0,1228.108,97
1990,6.6,82000,26000000.0,61489.265,115
1990,7.5,19000,,3106.052,94
1990,6.4,27000,,39024.251000000004,110
1990,6.9,21000,20000000.0,21413.105,119
1990,6.5,21000,11000000.0,8862.354,102
1990,6.2,12000,19000000.0,10005.969000000001,137
1990,6.2,34000,6000000.0,24271.196,108
1990,6.5,18000,15000000.0,27734.391,115
1990,5.5,23000,,71609.321,104
1990,5.4,29000,10000000.0,72270.891,81
1990,6.9,26000,,13446.769,110
1990,6.3,19000,,23591.472,97
1990,6.9,40000,30000000.0,27931.461,77
1990,6.5,14000,2500000.0,26385.627,100
1990,5.9,40000,38000000.0,153518.97400000002,93
1990,6.9,40000,4200000.0,5835.247,92
1990,6.4,19000,18000000.0,44926.706,102
1990,6.7,16000,22000000.0,39071.603,101
1990,6.3,13000,,23472.449,136
1990,5.8,28000,10000000.0,47410.827,96
1990,7.2,27000,,11541.758,102
1990,6.7,22000,,20710.451,135
1990,5.2,25000,36000000.0,17373.527000000002,89
1990,6.0,23000,,16247.964,98
1990,5.1,15000,2000000.0,5765.562,85
1990,7.2,15000,,15445.131000000001,111
1990,6.2,9400,2500000.0,205.068,85
1990,7.2,21000,18000000.0,1911.5420000000001,134
1990,6.0,42000,20000000.0,138697.01200000002,110
1990,6.9,27000,23000000.0,27441.977,107
1990,6.4,17000,20000000.0,21413.502,104
1990,6.0,21000,12000000.0,57968.936,93
1990,4.6,2500,350000.0,1242.9950000000001,87
1990,7.8,25000,12000000.0,2970.161,119
1990,5.8,27000,35000000.0,33461.269,113
1990,6.4,14000,,16186.793,97
1990,5.9,7000,5200000.0,2459.895,99
1990,5.7,18000,4000000.0,16853.487,89
1990,6.5,7700,,17487.531,103
1990,8.3,17000,,,98
1990,6.8,20000,15000000.0,15260.154,89
1990,6.0,13000,1500000.0,5728.953,94
1990,6.4,12000,20000000.0,15379.253,110
1990,6.5,19000,12000000.0,21460.601,102
1990,5.7,13000,,8217.997,102
1990,6.6,7900,,2060.847,115
1990,5.6,16000,20000000.0,25069.101,113
1990,4.9,10000,10500000.0,11582.891,89
1990,6.8,12000,25000000.0,2075.084,138
1990,6.1,11000,7000000.0,4348.368,91
1990,6.3,5000,,1244.381,107
1990,6.6,12000,10000000.0,16153.593,130
1990,5.9,5000,,3989.297,95
1990,6.3,7700,7000000.0,12626.043,99
1990,4.7,45000,,47789.074,81
1990,7.4,21000,,739.104,117
1990,6.3,16000,3500000.0,16324.573,93
1990,5.9,26000,10000000.0,21633.874,120
1990,6.2,23000,12500000.0,29888.235,107
1990,7.4,10000,230000.0,2960.492,98
1990,7.6,15000,,5575.738,112
1990,7.5,23000,,5822.041,137
1990,5.6,4200,25000000.0,6939.946,95
1990,5.1,1100,19000000.0,1372.3500000000001,97
1990,7.2,7600,,1554.742,106
1990,6.1,7400,40000000.0,9645.44,144
1990,6.9,26000,,18115.724000000002,74
1990,6.1,15000,21800000.0,22997.992000000002,123
1990,7.5,9500,,1516.414,103
1990,5.6,4900,,20305.841,82
1990,6.6,11000,24000000.0,2319.1240000000003,112
1990,7.2,5900,20000000.0,15779.578,128
1990,6.6,8400,,10873.237000000001,97
1990,5.7,14000,,27627.31,97
1990,6.5,8100,,20005.435,108
1990,6.0,2500,,2268.181,123
1990,5.4,5300,,17037.887,92
1990,4.8,8300,,1382.462,80
1990,4.8,6000,22000000.0,14760.451000000001,85
1990,6.4,8000,,9888.167,97
1990,7.4,5800,,1494.3990000000001,107
1990,6.6,3300,,2678.414,114
1990,6.6,14000,12000000.0,7331.647,106
1990,5.5,1900,6000000.0,,100
1990,5.7,3800,10000000.0,22424.195,98
1990,4.9,6900,,6698.361,111
1990,5.4,7200,18000000.0,2742.9120000000003,105
1990,7.7,7800,,1986.433,95
1990,6.5,5300,4000000.0,2070.871,97
1990,6.0,4100,2000000.0,1627.955,85
1990,7.3,9200,,1217.084,82
1990,5.4,9000,9000000.0,25029.569,81
1990,5.5,3000,,,90
1990,5.6,945,,1494.969,82
1990,7.3,3500,,4873.62,97
1990,7.2,3500,19000000.0,4011.793,136
1990,6.1,6400,9000000.0,349.618,120
1990,6.6,2800,,7698.01,126
1990,7.4,9400,700000.0,357.40000000000003,107
1990,6.0,4200,,13236.513,90
1990,6.7,4500,12000000.0,3417.056,88
1990,5.8,2600,6700000.0,1171.762,101
1990,5.5,3600,11500000.0,334.748,85
1990,6.0,7700,,10959.015,89
1990,6.6,5600,,11207.891,132
1990,7.5,6900,,1055.9950000000001,158
1990,6.4,7300,23000000.0,5820.015,104
1990,6.2,5100,,6488.1140000000005,108
1990,6.7,2400,,6070.725,115
1990,5.2,3400,,8533.973,91
1990,4.4,7500,,25421.633,83
1990,6.2,1100,,1382.259,82
1990,6.9,3700,,1232.21,108
1990,7.7,3700,,1745.47,118
1990,5.3,3300,3000000.0,15369.573,100
1990,5.5,2200,5000000.0,485.772,90
1990,5.6,3500,,19740.07,94
1990,4.7,1400,,2218.579,95
1990,5.6,3300,,4134.992,100
1990,7.6,6200,,1730.856,105
1990,6.9,3700,,2231.274,138
1990,5.7,712,,1510.053,85
1990,6.2,2400,,20240.128,109
1990,3.9,1500,,1823.154,97
1990,4.9,4500,15000000.0,5585.154,94
1990,7.2,4000,,20.554000000000002,108
1990,7.2,2200,,1161.135,102
1990,6.0,1500,15000000.0,1106.4750000000001,107
1990,5.7,1200,,1436.308,97
1990,6.8,6300,,,96
1990,5.7,1800,10000000.0,2346.15,96
1990,6.4,2200,,4010.647,97
1990,4.0,4600,,358.047,99
1990,4.8,2000,6500000.0,2032.973,93
1990,6.7,2600,17500000.0,947.306,138
1990,6.4,840,,5.006,92
1990,3.5,979,,4263.112,104
1990,5.7,1200,,,90
1990,7.3,2900,,1576.702,107
1990,5.8,1200,12000000.0,1531.489,106
1990,7.7,995,,,101
1990,6.0,2900,,11359.129,103
1990,4.9,1300,,8141.292,101
1990,4.5,1800,7500000.0,4562.778,90
1990,6.7,2300,,715.9830000000001,99
1990,5.4,2500,16000000.0,17854.933,87
1990,5.4,703,,1224.605,103
1990,4.3,406,,2415.312,84
1990,4.4,694,,1547.867,82
1990,5.6,1400,,1305.887,91
1990,6.2,1700,11000000.0,1794.001,107
1990,5.7,1200,9000000.0,2544.504,109
1990,7.0,930,,,94
1990,7.0,958,42000000.0,,125
1990,5.8,1000,,59.227000000000004,93
1990,7.6,3000,,774.048,112
1990,7.3,2500,,2293.625,92
1990,6.5,1300,,,90
1991,8.5,1000000,102000000.0,520881.15400000004,137
1991,7.3,166000,24000000.0,83531.958,122
1991,8.6,1300000,19000000.0,272742.922,118
1991,6.8,240000,70000000.0,300854.82300000003,142
1991,7.8,130000,6500000.0,57529.07,112
1991,7.3,180000,35000000.0,182291.969,128
1991,5.9,12000,,11336.986,83
1991,6.9,140000,30000000.0,191502.426,99
1991,7.5,142000,16500000.0,45456.285,130
1991,7.6,118000,2000000.0,33616.692,106
1991,6.9,182000,48000000.0,390493.908,143
1991,7.2,86000,38000000.0,34416.893000000004,140
1991,8.0,424000,25000000.0,424967.62,84
1991,7.7,69000,11000000.0,119418.501,130
1991,8.0,146000,40000000.0,205405.498,189
1991,6.5,55000,35000000.0,46704.056000000004,108
1991,6.9,75000,17000000.0,59489.799,102
1991,6.7,74000,40000000.0,152368.585,137
1991,6.3,72000,20000000.0,38039.85,93
1991,6.5,71000,,89325.78,105
1991,6.8,51000,27000000.0,179033.791,113
1991,6.3,29000,,25196.249,102
1991,7.5,81000,24000000.0,41895.491,137
1991,5.6,2200,,,99
1991,6.3,52000,19000000.0,174999.005,99
1991,7.6,7500,,403.056,238
1991,5.2,19000,11000000.0,2807.8540000000003,102
1991,7.0,95000,43000000.0,59509.925,105
1991,7.2,72000,30000000.0,96888.996,110
1991,7.0,53000,2500000.0,6401.336,104
1991,5.9,27000,6788000.0,13878.411,103
1991,6.8,102000,26000000.0,181096.164,84
1991,5.8,54000,65000000.0,17218.08,100
1991,6.7,17000,30000000.0,74787.599,132
1991,7.7,116000,9000000.0,6153.939,116
1991,5.1,23000,40000000.0,8479.793,94
1991,7.0,65000,35000000.0,63707.829,99
1991,7.0,48000,16000000.0,2641.357,115
1991,6.0,53000,25000000.0,78656.813,88
1991,6.9,108000,23000000.0,86930.41100000001,85
1991,5.6,39000,15000000.0,30102.717,110
1991,7.6,34000,12000000.0,14919.57,118
1991,7.3,16000,,2853.801,99
1991,7.8,44000,,2175.939,98
1991,6.7,33000,8000000.0,47624.353,97
1991,6.6,20000,10000000.0,15073.942000000001,111
1991,6.4,32000,6000000.0,31347.154000000002,102
1991,6.7,30000,25000000.0,43001.5,108
1991,6.8,27000,30000000.0,49114.016,136
1991,6.2,34000,20000000.0,54830.779,104
1991,7.6,82000,,1794.1870000000001,99
1991,7.7,57000,3500000.0,2023.808,129
1991,5.1,37000,13000000.0,20560.255,90
1991,4.9,43000,11000000.0,34872.033,89
1991,6.5,30000,35000000.0,23562.716,109
1991,7.6,13000,28000000.0,29.679000000000002,125
1991,4.2,44000,30000000.0,15556.34,91
1991,6.0,7300,17000000.0,9151.887,92
1991,7.2,5000,,7294.835,88
1991,6.1,17000,8000000.0,2275.5570000000002,79
1991,6.6,17000,14000000.0,43882.682,132
1991,6.1,19000,23000000.0,7434.726000000001,98
1991,6.4,13000,,14789.113000000001,116
1991,7.2,18000,,16371.128,112
1991,5.8,6600,35000000.0,14587.732,115
1991,4.9,21000,15000000.0,32704.7,90
1991,6.4,19000,24000000.0,65595.485,111
1991,6.2,17000,,21756.163,102
1991,6.7,30000,,28862.081000000002,95
1991,6.8,8200,17000000.0,7241.35,120
1991,6.9,27000,15000000.0,38016.38,107
1991,6.1,22000,14000000.0,39673.161,91
1991,7.6,29000,,545.825,118
1991,7.0,8600,7000000.0,191.125,127
1991,6.5,24000,,40766.041,75
1991,5.9,9800,13000000.0,4102.526,92
1991,6.7,30000,29000000.0,22773.535,118
1991,6.9,15000,,40991.329,134
1991,6.3,3100,,135.893,108
1991,7.0,6500,,2971.661,102
1991,6.6,15000,25000000.0,36489.888,97
1991,5.9,21000,25000000.0,33691.313,101
1991,6.3,5000,,1277.404,100
1991,4.4,5800,13000000.0,3752.428,95
1991,6.1,8800,18000000.0,11657.385,77
1991,6.2,11000,13500000.0,26255.594,108
1991,2.9,9100,6000000.0,1193.0620000000001,91
1991,4.0,1500,,573.904,111
1991,5.8,9100,14000000.0,15545.943000000001,103
1991,6.7,20000,14000000.0,34793.16,107
1991,6.8,9500,23000000.0,829.625,158
1991,6.4,10000,,25092.802,104
1991,6.5,12000,17000000.0,4603.929,107
1991,6.5,8900,22000000.0,11511.031,98
1991,8.1,30000,,2603.061,125
1991,4.5,9600,,6948.859,90
1991,5.8,4200,,4205.0,91
1991,6.0,8600,23000000.0,20246.79,104
1991,7.3,19000,,10405.394,80
1991,5.8,6600,,7788.597,88
1991,5.4,6800,,9689.816,107
1991,6.1,15000,18000000.0,82264.675,111
1991,7.4,8700,,394.63100000000003,94
1991,5.6,3500,,1008.404,85
1991,7.0,1600,,4313.473,104
1991,6.2,8200,,25682.09,103
1991,5.9,8000,18000000.0,5546.827,96
1991,7.2,5800,,2415.396,99
1991,6.0,4400,2000000.0,,97
1991,7.1,14000,,1710.057,112
1991,6.6,14000,10000000.0,25010.896,99
1991,6.7,16000,14000000.0,2735.731,85
1991,5.6,4700,1400000.0,115.10300000000001,87
1991,7.1,6600,,8211.952,101
1991,5.9,11000,48000000.0,15565.363000000001,106
1991,7.6,20000,,1015.0070000000001,112
1991,7.0,5200,,38120.905,122
1991,6.9,9600,11000000.0,1059.071,98
1991,5.8,3800,500000.0,90.09100000000001,97
1991,6.0,2700,10000000.0,6166.819,97
1991,5.8,11000,,14143.28,91
1991,7.6,3900,,8750.4,121
1991,6.7,4800,,7308.786,118
1991,5.8,5300,26000000.0,12454.768,115
1991,5.6,6100,,9804.775,115
1991,6.4,4100,250000.0,787.28,85
1991,5.3,15000,23000000.0,52487.045,97
1991,7.4,6200,,13200.17,95
1991,7.5,14000,,4532.791,96
1991,5.3,6100,5000000.0,19438.638,94
1991,6.2,6700,,28738.096,104
1991,6.0,3800,10000000.0,14061.361,83
1991,6.4,7000,,28277.918,110
1991,6.5,3800,6000000.0,221.29500000000002,99
1991,6.8,2500,,706.131,87
1991,6.8,2600,10000000.0,2105.078,82
1991,6.6,4700,7500000.0,6266.621,112
1991,6.5,1800,,271.327,96
1991,6.2,6500,,3106.559,104
1991,6.9,6100,,1750.301,124
1991,5.8,6700,17010000.0,24941.969,96
1991,5.9,9000,16400000.0,21082.165,108
1991,6.7,3300,,396.57300000000004,102
1991,5.7,8400,8000000.0,18784.957000000002,103
1991,5.4,3700,17000000.0,2865.916,98
1991,6.4,5300,40000000.0,23202.444,138
1991,4.1,3000,6000000.0,869.325,107
1991,4.8,1700,,456.127,102
1991,4.9,2100,13000000.0,5451.119,99
1991,5.9,2000,8000000.0,10438.504,115
1991,7.2,6400,,516.431,98
1991,4.5,5400,,1250.712,90
1991,5.0,4800,,11128.309000000001,89
1991,5.6,5400,22000000.0,11000.863,95
1991,7.2,6300,,524.668,86
1991,6.8,3100,36000000.0,1345.903,189
1991,6.3,5000,20000000.0,418.807,111
